{"cameraMode":{"drawMode":0,"name":"Shaded","section":"Shading Mode"},"sceneLighting":true,"audioPlay":false,"sceneViewState":{"m_AlwaysRefresh":false,"showFog":true,"showSkybox":true,"showFlares":true,"showImageEffects":true,"showParticleSystems":true,"showVisualEffectGraphs":true,"m_FxEnabled":true},"in2DMode":false,"pivot":{"x":206.648193359375,"y":169.2996063232422,"z":5.42474365234375},"rotation":{"x":0.028183773159980775,"y":-0.014396730810403824,"z":-0.0004061319341417402,"w":-0.9994992017745972},"size":427.0430908203125,"orthographic":false}